,Id,Label,Prediction,Probability Stem,Probability Head,Probability Others
677,13001-07_5D03,head,others,0.07,0.2899998,0.6399995
278,ADI-21062,others,head,0.15666659,0.5633329,0.27999982
114,5.6.c2798,others,head,0.10666663,0.6599995,0.23333319
181,5.6.c2492,others,stem,0.42999968,0.29333314,0.2766665
325,013_10_3D01,stem,others,0.41666636,0.07666666,0.5066663
