Ab_type	freq	SE
Head	0.12743362831858407	0.014028687339935715
Head (non-IGHV2-70)	0.07939508506616257	0.011754539446777953
Stem	0.0076045627376425855	0.0037877964347627266
GenBank	0.01970048850804837	0.0012436232562971622
