Ab_type	freq	SE
Head	0.1276595744680851	0.014051741236006117
Head (non-IGHV2-70)	0.07954545454545454	0.011775839995018592
Stem	0.007722007722007722	0.0038460676198659107
GenBank	0.01970048850804837	0.0012436232562971622
